[{"model": "core.profile", "pk": 16, "fields": {"emp_id": "EID2020", "user": 33, "address": "udgir", "company": "company", "city": "sjanin", "mobile": "7689097689", "dob": "1985-12-05", "role": "employee"}}, {"model": "core.profile", "pk": 17, "fields": {"emp_id": null, "user": 31, "address": "nagpada", "company": null, "city": null, "mobile": "4567890", "dob": "2020-10-04", "role": "manager"}}, {"model": "core.profile", "pk": 18, "fields": {"emp_id": null, "user": 35, "address": "china", "company": "corona", "city": "coronapuri", "mobile": null, "dob": null, "role": "manager"}}, {"model": "core.profile", "pk": 19, "fields": {"emp_id": null, "user": 36, "address": null, "company": null, "city": null, "mobile": null, "dob": null, "role": "manager"}}, {"model": "core.profile", "pk": 20, "fields": {"emp_id": null, "user": 37, "address": null, "company": null, "city": null, "mobile": null, "dob": null, "role": "manager"}}, {"model": "core.profile", "pk": 21, "fields": {"emp_id": null, "user": 38, "address": "latur", "company": "nascom", "city": "surat", "mobile": "mumbai", "dob": null, "role": "manager"}}, {"model": "core.profile", "pk": 22, "fields": {"emp_id": null, "user": 39, "address": null, "company": null, "city": null, "mobile": null, "dob": null, "role": "manager"}}, {"model": "core.profile", "pk": 23, "fields": {"emp_id": null, "user": 41, "address": "udgir", "company": null, "city": null, "mobile": "7689090", "dob": null, "role": "manager"}}, {"model": "core.profile", "pk": 25, "fields": {"emp_id": "EID2021", "user": 43, "address": "pubg", "company": "tencent", "city": "texas", "mobile": "9876543219", "dob": "2004-10-08", "role": "employee"}}, {"model": "core.profile", "pk": 26, "fields": {"emp_id": "EID2022", "user": 44, "address": "pubg", "company": "tencent", "city": "tokyo", "mobile": "8787654320", "dob": "2008-09-11", "role": "employee"}}, {"model": "core.profile", "pk": 27, "fields": {"emp_id": null, "user": 45, "address": "ghjkl;", "company": null, "city": null, "mobile": "7878787878", "dob": "2003-11-05", "role": "manager"}}, {"model": "core.profile", "pk": 28, "fields": {"emp_id": null, "user": 46, "address": "l", "company": null, "city": null, "mobile": "7878787870", "dob": "1989-11-03", "role": "manager"}}, {"model": "core.profile", "pk": 29, "fields": {"emp_id": null, "user": 47, "address": "gtpl", "company": null, "city": null, "mobile": "8989898989", "dob": "2003-11-21", "role": "manager"}}, {"model": "core.profile", "pk": 30, "fields": {"emp_id": null, "user": 48, "address": "sonicmaster", "company": null, "city": null, "mobile": "9898989889", "dob": "1989-11-24", "role": "manager"}}, {"model": "core.profile", "pk": 31, "fields": {"emp_id": null, "user": 49, "address": "gaoldmines", "company": null, "city": null, "mobile": "9595959595", "dob": "1981-11-26", "role": "manager"}}, {"model": "core.profile", "pk": 32, "fields": {"emp_id": null, "user": 50, "address": "knk", "company": null, "city": null, "mobile": "7575757575", "dob": "1985-11-21", "role": "manager"}}, {"model": "core.profile", "pk": 33, "fields": {"emp_id": null, "user": 51, "address": "jlkajsd", "company": null, "city": null, "mobile": "8520852055", "dob": "1982-11-20", "role": "manager"}}, {"model": "core.profile", "pk": 34, "fields": {"emp_id": null, "user": 52, "address": "fhgjk", "company": null, "city": null, "mobile": "8520852088", "dob": "2008-11-07", "role": "manager"}}, {"model": "core.profile", "pk": 35, "fields": {"emp_id": null, "user": 53, "address": "jlskadjf", "company": null, "city": null, "mobile": "9191927878", "dob": "1991-11-10", "role": "manager"}}, {"model": "core.profile", "pk": 36, "fields": {"emp_id": null, "user": 54, "address": "lkjasf", "company": null, "city": null, "mobile": "9798789855", "dob": "1987-11-15", "role": "manager"}}, {"model": "core.profile", "pk": 37, "fields": {"emp_id": null, "user": 55, "address": "jalskdj", "company": null, "city": null, "mobile": "7676767676", "dob": "1983-11-17", "role": "manager"}}, {"model": "core.profile", "pk": 46, "fields": {"emp_id": "E101", "user": 64, "address": "alksdfjl", "company": "purfity3", "city": "mannat", "mobile": "7878787800", "dob": "1993-11-05", "role": "employee"}}, {"model": "core.profile", "pk": 48, "fields": {"emp_id": "E102", "user": 66, "address": "jalskd", "company": "somani", "city": "sutania", "mobile": "8520520885", "dob": "1986-11-08", "role": "employee"}}, {"model": "core.profile", "pk": 50, "fields": {"emp_id": null, "user": 68, "address": "klsjadf", "company": null, "city": null, "mobile": null, "dob": "1993-11-13", "role": "manager"}}, {"model": "core.profile", "pk": 51, "fields": {"emp_id": "E103", "user": 69, "address": "laksjfd", "company": "compandra", "city": "citicia", "mobile": "8520898520", "dob": "1998-11-07", "role": "employee"}}, {"model": "core.profile", "pk": 52, "fields": {"emp_id": "ei", "user": 70, "address": "jlsadkfj", "company": "jose@gmail.com", "city": "jadlfak", "mobile": "9052088520", "dob": "1989-11-25", "role": "employee"}}, {"model": "core.profile", "pk": 53, "fields": {"emp_id": "tyui", "user": 71, "address": "ytguhijo", "company": "jose@gmail.com", "city": "yguhjk", "mobile": "8520852051", "dob": "1995-11-26", "role": "employee"}}, {"model": "core.profile", "pk": 54, "fields": {"emp_id": null, "user": 72, "address": "ihu", "company": null, "city": null, "mobile": null, "dob": "1987-11-21", "role": "manager"}}, {"model": "core.profile", "pk": 55, "fields": {"emp_id": null, "user": 73, "address": "kasjd", "company": null, "city": null, "mobile": null, "dob": "1981-11-13", "role": "manager"}}, {"model": "core.profile", "pk": 56, "fields": {"emp_id": "EID106", "user": 74, "address": "hjkl", "company": "jose@gmail.com", "city": "ghjkl", "mobile": "8520852085", "dob": "1985-11-09", "role": "employee"}}, {"model": "core.profile", "pk": 57, "fields": {"emp_id": "rtyui", "user": 75, "address": "kjasd", "company": "jose@gmail.com", "city": "hgjkl", "mobile": "8520852078", "dob": "1981-11-14", "role": "employee"}}, {"model": "core.profile", "pk": 59, "fields": {"emp_id": "ytghjuki", "user": 77, "address": "akldsfjas", "company": "jose@gmail.com", "city": "hiujokp", "mobile": "7417417417", "dob": "2001-11-16", "role": "employee"}}, {"model": "core.profile", "pk": 60, "fields": {"emp_id": "fvghbnj", "user": 78, "address": "kjk", "company": "kl;", "city": "jose@gmail.com", "mobile": "7474745150", "dob": "2020-12-08", "role": "employee"}}, {"model": "core.profile", "pk": 61, "fields": {"emp_id": "rtyui", "user": 79, "address": "kjs", "company": "tyughji", "city": "jose@gmail.com", "mobile": "7878787778", "dob": "2020-12-10", "role": "employee"}}, {"model": "core.profile", "pk": 62, "fields": {"emp_id": "rftgyhjk", "user": 80, "address": "lkj", "company": "gjhkl", "city": "jose@gmail.com", "mobile": "7878787801", "dob": "2020-12-11", "role": "employee"}}, {"model": "core.profile", "pk": 63, "fields": {"emp_id": "edi abadi", "user": 81, "address": "saldfj", "company": "corona", "city": "jose@gmail.com", "mobile": "7889897858", "dob": "2020-12-10", "role": "employee"}}, {"model": "core.profile", "pk": 64, "fields": {"emp_id": "eid", "user": 82, "address": "asldkj", "company": "klads", "city": "jose@gmail.com", "mobile": "8978898978", "dob": "2020-12-09", "role": "employee"}}, {"model": "core.profile", "pk": 65, "fields": {"emp_id": null, "user": 83, "address": "lkj", "company": null, "city": null, "mobile": null, "dob": "2020-12-08", "role": "manager"}}, {"model": "core.profile", "pk": 66, "fields": {"emp_id": null, "user": 84, "address": "lasdjkf", "company": null, "city": null, "mobile": null, "dob": "2020-12-01", "role": "manager"}}, {"model": "core.profile", "pk": 67, "fields": {"emp_id": null, "user": 85, "address": "lkj", "company": null, "city": null, "mobile": null, "dob": "1995-12-21", "role": "manager"}}, {"model": "accounts.user", "pk": 31, "fields": {"password": "pbkdf2_sha256$216000$OpCts8dv3YhH$alIvbjwuowgxb9fPNgurCPGAs350ywr3hz2VySly1wM=", "last_login": "2020-10-16T04:25:18.238Z", "is_superuser": true, "email": "rushi2@gmail.com", "first_name": "rushi", "last_name": "shinde", "is_staff": true, "is_active": true, "date_joined": "2020-10-14T17:18:56.342Z", "groups": [], "user_permissions": []}}, {"model": "accounts.user", "pk": 32, "fields": {"password": "pbkdf2_sha256$216000$7keUjqGiw145$Tnj+GDDIzhyaYx8sciO/CvZJ1lWpfn9bHpTvDYIYY8Q=", "last_login": null, "is_superuser": false, "email": "eone@gmail.com", "first_name": "eone", "last_name": "onee", "is_staff": false, "is_active": true, "date_joined": "2020-10-14T17:38:37.453Z", "groups": [], "user_permissions": []}}, {"model": "accounts.user", "pk": 33, "fields": {"password": "pbkdf2_sha256$216000$PABZodOQiakw$xMs1lwrELQhPzY+lePCZA6juPohNwsyc6oLo52L7pdQ=", "last_login": "2020-10-15T05:32:34.847Z", "is_superuser": false, "email": "amol@gmail.com", "first_name": "amol", "last_name": "req", "is_staff": false, "is_active": true, "date_joined": "2020-10-14T17:46:27.260Z", "groups": [], "user_permissions": []}}, {"model": "accounts.user", "pk": 34, "fields": {"password": "pbkdf2_sha256$216000$VWWp0eq9HA5c$HTcLX6RpnBtr2w7dWj9o7rRJ2pFY86g6X+TMIwCiTJ0=", "last_login": null, "is_superuser": false, "email": "vinay@gmail.com", "first_name": "vinay", "last_name": "", "is_staff": false, "is_active": true, "date_joined": "2020-10-14T17:50:09.096Z", "groups": [], "user_permissions": []}}, {"model": "accounts.user", "pk": 35, "fields": {"password": "pbkdf2_sha256$216000$jsIJ2acKiVRU$90jloy527pFebUeFL42BivO60zgQzpV1SBIetblLoOY=", "last_login": null, "is_superuser": false, "email": "corona@gmail.com", "first_name": "corona", "last_name": "", "is_staff": false, "is_active": true, "date_joined": "2020-10-14T17:53:36.194Z", "groups": [], "user_permissions": []}}, {"model": "accounts.user", "pk": 36, "fields": {"password": "pbkdf2_sha256$216000$gtun31GHJw9h$NtJLUAv+ryWpsp15U/M2g5W+9vSfNKwXc5TlK1pi9rc=", "last_login": null, "is_superuser": false, "email": "dengu@gmail.com", "first_name": "", "last_name": "", "is_staff": false, "is_active": true, "date_joined": "2020-10-14T17:54:17.492Z", "groups": [], "user_permissions": []}}, {"model": "accounts.user", "pk": 37, "fields": {"password": "pbkdf2_sha256$216000$CPt8J0ghJTQj$XJr9dbJcyUMhSeXxURdDjjFEFeC3NomEgw1D89ogupA=", "last_login": "2020-11-18T17:20:12.161Z", "is_superuser": false, "email": "jose@gmail.com", "first_name": "", "last_name": "", "is_staff": false, "is_active": true, "date_joined": "2020-10-14T18:05:34.880Z", "groups": [], "user_permissions": []}}, {"model": "accounts.user", "pk": 38, "fields": {"password": "pbkdf2_sha256$216000$lPljQNKGGZ1p$znSVWTxhxhuxeEXMBxQFVS7wBBKcf2iKmWmnB4DRNEM=", "last_login": null, "is_superuser": false, "email": "santosh@gmail.com", "first_name": "santoshi mata", "last_name": "jaymata", "is_staff": false, "is_active": true, "date_joined": "2020-10-14T18:07:10.560Z", "groups": [], "user_permissions": []}}, {"model": "accounts.user", "pk": 39, "fields": {"password": "pbkdf2_sha256$216000$yxVD8JTHc7Zy$hLN8MaLqEmYRy6QN4nabbGcp0DSNrX6YJsQSXBsqRfA=", "last_login": null, "is_superuser": false, "email": "vijay@gmail.com", "first_name": "vijay", "last_name": "chouhan", "is_staff": false, "is_active": true, "date_joined": "2020-10-15T07:00:10.144Z", "groups": [], "user_permissions": []}}, {"model": "accounts.user", "pk": 40, "fields": {"password": "pbkdf2_sha256$216000$QoV65UWsIfc3$fE60X+eJUfZOeos6netV6qlD1f8KXv2BE089QPpg96E=", "last_login": "2020-12-04T16:49:57.645Z", "is_superuser": true, "email": "admin@gmail.com", "first_name": "adminalia", "last_name": "", "is_staff": true, "is_active": true, "date_joined": "2020-10-16T06:34:33.704Z", "groups": [], "user_permissions": []}}, {"model": "accounts.user", "pk": 41, "fields": {"password": "pbkdf2_sha256$216000$3vxVuJ50XANg$fUunLEnpoo5qrZnc8riv8WynxLkHLtQG7Jw1RQQvBG0=", "last_login": null, "is_superuser": false, "email": "ajax@gmail.com", "first_name": "ajax", "last_name": "js", "is_staff": false, "is_active": true, "date_joined": "2020-10-16T11:16:32.488Z", "groups": [], "user_permissions": []}}, {"model": "accounts.user", "pk": 42, "fields": {"password": "pbkdf2_sha256$216000$LhroKBfRJJU3$J18+dMHZC3DQ7EvjOPTc6hu9ug2h9+4vqTSu9RXiO9w=", "last_login": null, "is_superuser": false, "email": "dengum@gmail.com", "first_name": "lalu", "last_name": "yadav", "is_staff": false, "is_active": true, "date_joined": "2020-10-16T13:39:15.842Z", "groups": [], "user_permissions": []}}, {"model": "accounts.user", "pk": 43, "fields": {"password": "pbkdf2_sha256$216000$eievJH3Pipb9$mcgAeCQf7NjUCC0VyFgy8aXVmhBFKK6rZ8ceRXkv2VY=", "last_login": null, "is_superuser": false, "email": "mortal@gmail.com", "first_name": "soul", "last_name": "mortals", "is_staff": false, "is_active": true, "date_joined": "2020-10-25T07:06:24.658Z", "groups": [], "user_permissions": []}}, {"model": "accounts.user", "pk": 44, "fields": {"password": "pbkdf2_sha256$216000$hdnhHRPlGqp7$J127ROW4h+8IpQ+zwIQe94DFSKvC1Aka3pU36kK+LKA=", "last_login": null, "is_superuser": false, "email": "victor@gmail.com", "first_name": "victor", "last_name": "doe", "is_staff": false, "is_active": true, "date_joined": "2020-10-25T07:14:14.989Z", "groups": [], "user_permissions": []}}, {"model": "accounts.user", "pk": 45, "fields": {"password": "pbkdf2_sha256$216000$l6TkE0FkPHE6$Urxxk7LKGfjTOPsx9HUOXxExAjrdHUFuY34Ot9Uicjc=", "last_login": null, "is_superuser": false, "email": "uyiok@g.com", "first_name": "gfhjkl", "last_name": "tyguhijo;l", "is_staff": false, "is_active": true, "date_joined": "2020-11-18T18:01:52.648Z", "groups": [], "user_permissions": []}}, {"model": "accounts.user", "pk": 46, "fields": {"password": "pbkdf2_sha256$216000$IURWuyHfsczg$8p74iT/5DDHgn/6YhS23flhz23EK4ueg9FbQYs+rTfc=", "last_login": null, "is_superuser": false, "email": "john@gmail.com", "first_name": "john", "last_name": "cena", "is_staff": false, "is_active": true, "date_joined": "2020-11-19T15:06:45.365Z", "groups": [], "user_permissions": []}}, {"model": "accounts.user", "pk": 47, "fields": {"password": "pbkdf2_sha256$216000$GRismce3yNI9$7J/78YJ57eM72pHkdlnwRlf/NMBUs8wwyJJkslkdFy0=", "last_login": null, "is_superuser": false, "email": "gtpl@gmail.com", "first_name": "gtpl", "last_name": "lptg", "is_staff": false, "is_active": true, "date_joined": "2020-11-20T06:19:43.724Z", "groups": [], "user_permissions": []}}, {"model": "accounts.user", "pk": 48, "fields": {"password": "pbkdf2_sha256$216000$e9enBhBi4bfu$/0NlCTg6GAn8vDIZh94NpNCHywQfmJk5t7GfOLLk9Ng=", "last_login": null, "is_superuser": false, "email": "sonic@gmail.com", "first_name": "sonic", "last_name": "master", "is_staff": false, "is_active": true, "date_joined": "2020-11-20T06:29:49.038Z", "groups": [], "user_permissions": []}}, {"model": "accounts.user", "pk": 49, "fields": {"password": "pbkdf2_sha256$216000$YMhcISyajfZd$8HlQfBYCpcDlExBtjt27/paJdY3pvQWktvlzgYj2OqE=", "last_login": null, "is_superuser": false, "email": "gold@gmail.com", "first_name": "gold", "last_name": "mines", "is_staff": false, "is_active": true, "date_joined": "2020-11-20T06:32:28.383Z", "groups": [], "user_permissions": []}}, {"model": "accounts.user", "pk": 50, "fields": {"password": "pbkdf2_sha256$216000$dxCIROTPirvR$MOw30qNhnRovkvxoGAj8v94+3TUnrWeyBt2czh0jrLE=", "last_login": null, "is_superuser": false, "email": "ad@gmail.com", "first_name": "ghjkl", "last_name": "hgjkl;", "is_staff": false, "is_active": true, "date_joined": "2020-11-20T06:44:06.612Z", "groups": [], "user_permissions": []}}, {"model": "accounts.user", "pk": 51, "fields": {"password": "pbkdf2_sha256$216000$ygDTWkq4AI31$mvXcJRX6CgTx6JvKZX00+T+5lGA1LtxFVg5Db4XByp0=", "last_login": null, "is_superuser": false, "email": "adf@gmail.com", "first_name": "rtfyghujkl", "last_name": "fgthujiko", "is_staff": false, "is_active": true, "date_joined": "2020-11-20T14:10:37.568Z", "groups": [], "user_permissions": []}}, {"model": "accounts.user", "pk": 52, "fields": {"password": "pbkdf2_sha256$216000$n3pOWFwT5HY8$KxTDyGomz9/YcMUBswCBh3BEWlGHl97qmBfUJuGqImg=", "last_login": null, "is_superuser": false, "email": "ghjk@gmail.com", "first_name": "rfghjkl;", "last_name": "hgjkl;", "is_staff": false, "is_active": true, "date_joined": "2020-11-20T14:47:46.782Z", "groups": [], "user_permissions": []}}, {"model": "accounts.user", "pk": 53, "fields": {"password": "pbkdf2_sha256$216000$yGFagqfkt2Wv$/eMGoH//5a9xpoic4Ug7xO2DNOx7Pw0XKh3vAyOUmvc=", "last_login": null, "is_superuser": false, "email": "job@gmail.com", "first_name": "redtfygu", "last_name": "yuio", "is_staff": false, "is_active": true, "date_joined": "2020-11-21T11:27:21.124Z", "groups": [], "user_permissions": []}}, {"model": "accounts.user", "pk": 54, "fields": {"password": "pbkdf2_sha256$216000$GUa22PRBb0fC$c3pyEfK/fWyEZ5sKWAfiMaweqFbTyEe+m7pFdWvB1RQ=", "last_login": null, "is_superuser": false, "email": "jono@gmail.com", "first_name": "ertyui", "last_name": "ytuio", "is_staff": false, "is_active": true, "date_joined": "2020-11-21T11:30:41.622Z", "groups": [], "user_permissions": []}}, {"model": "accounts.user", "pk": 55, "fields": {"password": "pbkdf2_sha256$216000$lDS1f8wfOKWh$Mv1Nq8QRjiJHymwD4+KZBWLp/xc8q6zw0BoGgRv8iUk=", "last_login": null, "is_superuser": false, "email": "edid@gmail.com", "first_name": "asdklf", "last_name": "lkj", "is_staff": false, "is_active": true, "date_joined": "2020-11-21T11:49:44.470Z", "groups": [], "user_permissions": []}}, {"model": "accounts.user", "pk": 58, "fields": {"password": "pbkdf2_sha256$216000$Y4g7mZittS4v$sEccVhYCf7gG8XKSWnr7mzKxWK9d8KSxJiG8c/Z0tVA=", "last_login": null, "is_superuser": false, "email": "ninja@gmd.com", "first_name": "som", "last_name": "thing", "is_staff": false, "is_active": true, "date_joined": "2020-11-21T12:19:53.977Z", "groups": [], "user_permissions": []}}, {"model": "accounts.user", "pk": 60, "fields": {"password": "pbkdf2_sha256$216000$EOWV4D9OSCbW$AbCPnEC4WYTZRBVdjJdTxv5LeWuyj1Dn3TxZS/Ir4II=", "last_login": null, "is_superuser": false, "email": "kjhsdfkjahd@gmail.com", "first_name": "kjashfd", "last_name": "kjhk", "is_staff": false, "is_active": true, "date_joined": "2020-11-21T12:38:38.756Z", "groups": [], "user_permissions": []}}, {"model": "accounts.user", "pk": 62, "fields": {"password": "pbkdf2_sha256$216000$TVZm5Z3RUWp0$iG1v5U4jVm91bTZW3JYx2p9NAE2/H0BKFyOxLbQZkRw=", "last_login": null, "is_superuser": false, "email": "envy@dio.com", "first_name": "envy", "last_name": "deo", "is_staff": false, "is_active": true, "date_joined": "2020-11-21T12:42:41.839Z", "groups": [], "user_permissions": []}}, {"model": "accounts.user", "pk": 64, "fields": {"password": "pbkdf2_sha256$216000$08dQJNlgjbl5$qYWh5xCgKSW0Jw9YWf4z67VMHY1MjyHwcXzF685nBx0=", "last_login": null, "is_superuser": false, "email": "adminnw@gmail.com", "first_name": "aandy", "last_name": "boss", "is_staff": false, "is_active": true, "date_joined": "2020-11-21T12:49:51.718Z", "groups": [], "user_permissions": []}}, {"model": "accounts.user", "pk": 65, "fields": {"password": "pbkdf2_sha256$216000$TXnMalXF9Gth$HvQPmOUcBkw8+NxGZQxAYiNhJsSj9CrzEhOEU5pnsGM=", "last_login": null, "is_superuser": false, "email": "gjkl@gmail.com", "first_name": "ytguhij", "last_name": "jghukjil", "is_staff": false, "is_active": true, "date_joined": "2020-11-21T13:03:43.299Z", "groups": [], "user_permissions": []}}, {"model": "accounts.user", "pk": 66, "fields": {"password": "pbkdf2_sha256$216000$7TJjfFnI64d7$JYDoq4gJj2pv9ZGlwf+HGg2R5spEuLuEKRrfSM3nZRw=", "last_login": null, "is_superuser": false, "email": "adi@gmail.com", "first_name": "abbas", "last_name": "mastan", "is_staff": false, "is_active": true, "date_joined": "2020-11-21T13:08:45.301Z", "groups": [], "user_permissions": []}}, {"model": "accounts.user", "pk": 67, "fields": {"password": "pbkdf2_sha256$216000$CCMDOu5ymZw0$DPo2S26IISZKHjXIXeuBGsuHEfSryqu2SViUn2sxf5Q=", "last_login": null, "is_superuser": false, "email": "aba@gm.com", "first_name": "somnath", "last_name": "babu", "is_staff": false, "is_active": true, "date_joined": "2020-11-21T13:25:38.876Z", "groups": [], "user_permissions": []}}, {"model": "accounts.user", "pk": 68, "fields": {"password": "pbkdf2_sha256$216000$WaHXjV9hez0Z$iFuyfGdMvQNkZPFya0kJGTCYNgUFyjiZ3hcQUqxUHsA=", "last_login": null, "is_superuser": false, "email": "manager@gmail.com", "first_name": "manager", "last_name": "one", "is_staff": false, "is_active": true, "date_joined": "2020-11-21T14:21:26.608Z", "groups": [], "user_permissions": []}}, {"model": "accounts.user", "pk": 69, "fields": {"password": "pbkdf2_sha256$216000$b3LdPVYUSme6$MQtmTN2oV4Tb+evO8GZQJN48Fm5bkDP9qTgjMchXEMM=", "last_login": null, "is_superuser": false, "email": "ac@gm.com", "first_name": "aci", "last_name": "lock", "is_staff": false, "is_active": true, "date_joined": "2020-11-21T14:25:50.354Z", "groups": [], "user_permissions": []}}, {"model": "accounts.user", "pk": 70, "fields": {"password": "pbkdf2_sha256$216000$mNqYA1Cq3PWd$XUtbZvlMvjt1r/+q8nU92w0YusTASGHBOy0yqrK/gVI=", "last_login": null, "is_superuser": false, "email": "go@gmail.com", "first_name": "go", "last_name": "one", "is_staff": false, "is_active": true, "date_joined": "2020-11-21T15:20:55.490Z", "groups": [], "user_permissions": []}}, {"model": "accounts.user", "pk": 71, "fields": {"password": "pbkdf2_sha256$216000$RsIoIbmVzEcr$Yrm2lJSaGyAQlfIvGM1sbBxu9Vuq+fSXG95Hl2aiim0=", "last_login": null, "is_superuser": false, "email": "ghuji@h.com", "first_name": "ftygui", "last_name": "ytugioj", "is_staff": false, "is_active": true, "date_joined": "2020-11-21T15:24:12.995Z", "groups": [], "user_permissions": []}}, {"model": "accounts.user", "pk": 72, "fields": {"password": "pbkdf2_sha256$216000$yelQbSCOkI5W$8s4vgTLCavNPx75IuBvCoX4E7+0C6osMIl86Ylkd9xI=", "last_login": null, "is_superuser": false, "email": "uyk@gma.com", "first_name": "rtyguhkl", "last_name": "yguhji", "is_staff": false, "is_active": true, "date_joined": "2020-11-21T15:47:41.182Z", "groups": [], "user_permissions": []}}, {"model": "accounts.user", "pk": 73, "fields": {"password": "pbkdf2_sha256$216000$7WpqbYXmiUgX$qBE5y34uSaeh9kZ3BfarC7QtPSTM1x7ys16ES9fNgZA=", "last_login": null, "is_superuser": false, "email": "cor@gmail.com", "first_name": "go corona", "last_name": "go", "is_staff": false, "is_active": true, "date_joined": "2020-11-21T15:50:30.670Z", "groups": [], "user_permissions": []}}, {"model": "accounts.user", "pk": 74, "fields": {"password": "pbkdf2_sha256$216000$eYY1X8X7bi4o$S+U3ewwLGp05Ey6H1ZSwju6YbUwwYQUOTEqLUgjYuKs=", "last_login": null, "is_superuser": false, "email": "admins@gmail.com", "first_name": "fhju", "last_name": "ghjl", "is_staff": false, "is_active": true, "date_joined": "2020-11-21T16:06:50.247Z", "groups": [], "user_permissions": []}}, {"model": "accounts.user", "pk": 75, "fields": {"password": "pbkdf2_sha256$216000$XK2WGRCbwAg0$jZ1mK6HFuyrjss3vMh02VJaXVSvPFsc9DC7afyuzeM4=", "last_login": null, "is_superuser": false, "email": "jkhk@g.com", "first_name": "trdyug", "last_name": "tyguhij", "is_staff": false, "is_active": true, "date_joined": "2020-11-21T16:10:47.296Z", "groups": [], "user_permissions": []}}, {"model": "accounts.user", "pk": 76, "fields": {"password": "pbkdf2_sha256$216000$bvYxw1qvxrzs$yzUUim13XH7Ubdxa80V1rDc56EFZrJzJs+TLe4L4DoI=", "last_login": null, "is_superuser": false, "email": "fujitsu@d.co", "first_name": "yghukl", "last_name": "fyghujkl", "is_staff": false, "is_active": true, "date_joined": "2020-11-21T16:45:50.321Z", "groups": [], "user_permissions": []}}, {"model": "accounts.user", "pk": 77, "fields": {"password": "pbkdf2_sha256$216000$aFcOhWQ91w11$Sv5RbZcHh6gKdnwKT/ePCUDSX3m+44ZGL78Zg9W02tk=", "last_login": null, "is_superuser": false, "email": "hj@hj.cd", "first_name": "ghjkl", "last_name": "hjkl", "is_staff": false, "is_active": true, "date_joined": "2020-11-21T16:47:55.127Z", "groups": [], "user_permissions": []}}, {"model": "accounts.user", "pk": 78, "fields": {"password": "pbkdf2_sha256$216000$hrSybpawkCa1$XQZsp5JYrmB77LGWAeTQ0aKK6svr+fOvdgeYYUDWU48=", "last_login": null, "is_superuser": false, "email": "gyhuj@gmail.com", "first_name": "trfyghuji", "last_name": "hjkl", "is_staff": false, "is_active": true, "date_joined": "2020-12-12T16:47:19.290Z", "groups": [], "user_permissions": []}}, {"model": "accounts.user", "pk": 79, "fields": {"password": "pbkdf2_sha256$216000$PXmfQqecqL3x$77PUYI6Q2axm826WreiO9umK0gJLvTg0eEaLjX5SZYU=", "last_login": null, "is_superuser": false, "email": "admino@gmail.com", "first_name": "ytui", "last_name": "yuio", "is_staff": false, "is_active": true, "date_joined": "2020-12-12T17:02:13.338Z", "groups": [], "user_permissions": []}}, {"model": "accounts.user", "pk": 80, "fields": {"password": "pbkdf2_sha256$216000$3FlwxD4df13c$lbyBrBiZfnB28zaFgLZJwxme01joDVn1afHhnXBN9nY=", "last_login": null, "is_superuser": false, "email": "adminmc@gmail.com", "first_name": "ftgyhujik", "last_name": "gyhuji", "is_staff": false, "is_active": true, "date_joined": "2020-12-13T07:04:53.179Z", "groups": [], "user_permissions": []}}, {"model": "accounts.user", "pk": 81, "fields": {"password": "pbkdf2_sha256$216000$zLhXtLfQSDCz$FsV/zcj6tNNejB4mKUC8OiZo0Ziqm4WRtKKtxJ9aWW4=", "last_login": null, "is_superuser": false, "email": "abu@gmail.com", "first_name": "abo", "last_name": "das", "is_staff": false, "is_active": true, "date_joined": "2020-12-13T10:13:55.516Z", "groups": [], "user_permissions": []}}, {"model": "accounts.user", "pk": 82, "fields": {"password": "pbkdf2_sha256$216000$Ncwfsp87RF4K$TPQEqQQRg45gVW+SGQjNEgryL0Edq1og3wj9rH9j51U=", "last_login": null, "is_superuser": false, "email": "aaaa@gmail.com", "first_name": "aa", "last_name": "aa", "is_staff": false, "is_active": true, "date_joined": "2020-12-13T10:16:52.676Z", "groups": [], "user_permissions": []}}, {"model": "accounts.user", "pk": 83, "fields": {"password": "pbkdf2_sha256$216000$NtBPP51vi5Bv$BkDPr3AC0JkmrKTe6DP5QFekIZW+kFLkz7vwVASaqTk=", "last_login": null, "is_superuser": false, "email": "a9@gmai.com", "first_name": "rttfhjuk", "last_name": "tyui", "is_staff": false, "is_active": true, "date_joined": "2020-12-13T10:53:53.948Z", "groups": [], "user_permissions": []}}, {"model": "accounts.user", "pk": 84, "fields": {"password": "pbkdf2_sha256$216000$81kWYOGPacMP$5oZHyeeXVFbbJQ9c9CqBcoXAr2omZVdz3MhMsua463Y=", "last_login": null, "is_superuser": false, "email": "admin@gmail.co", "first_name": "aldskfj", "last_name": "lksjadl", "is_staff": false, "is_active": true, "date_joined": "2020-12-13T10:59:50.087Z", "groups": [], "user_permissions": []}}, {"model": "accounts.user", "pk": 85, "fields": {"password": "pbkdf2_sha256$216000$FgLfp2HYsgGA$SIFtN49PWDglIU1U6dQK55F3YyxvgVU+x5GH5+FuABs=", "last_login": null, "is_superuser": false, "email": "as@gm.com", "first_name": "FGHJK", "last_name": "TYGHJ", "is_staff": false, "is_active": true, "date_joined": "2020-12-13T11:11:12.528Z", "groups": [], "user_permissions": []}}, {"model": "auth.permission", "pk": 1, "fields": {"name": "Can add user", "content_type": 1, "codename": "add_user"}}, {"model": "auth.permission", "pk": 2, "fields": {"name": "Can change user", "content_type": 1, "codename": "change_user"}}, {"model": "auth.permission", "pk": 3, "fields": {"name": "Can delete user", "content_type": 1, "codename": "delete_user"}}, {"model": "auth.permission", "pk": 4, "fields": {"name": "Can view user", "content_type": 1, "codename": "view_user"}}, {"model": "auth.permission", "pk": 5, "fields": {"name": "Can add log entry", "content_type": 2, "codename": "add_logentry"}}, {"model": "auth.permission", "pk": 6, "fields": {"name": "Can change log entry", "content_type": 2, "codename": "change_logentry"}}, {"model": "auth.permission", "pk": 7, "fields": {"name": "Can delete log entry", "content_type": 2, "codename": "delete_logentry"}}, {"model": "auth.permission", "pk": 8, "fields": {"name": "Can view log entry", "content_type": 2, "codename": "view_logentry"}}, {"model": "auth.permission", "pk": 9, "fields": {"name": "Can add permission", "content_type": 3, "codename": "add_permission"}}, {"model": "auth.permission", "pk": 10, "fields": {"name": "Can change permission", "content_type": 3, "codename": "change_permission"}}, {"model": "auth.permission", "pk": 11, "fields": {"name": "Can delete permission", "content_type": 3, "codename": "delete_permission"}}, {"model": "auth.permission", "pk": 12, "fields": {"name": "Can view permission", "content_type": 3, "codename": "view_permission"}}, {"model": "auth.permission", "pk": 13, "fields": {"name": "Can add group", "content_type": 4, "codename": "add_group"}}, {"model": "auth.permission", "pk": 14, "fields": {"name": "Can change group", "content_type": 4, "codename": "change_group"}}, {"model": "auth.permission", "pk": 15, "fields": {"name": "Can delete group", "content_type": 4, "codename": "delete_group"}}, {"model": "auth.permission", "pk": 16, "fields": {"name": "Can view group", "content_type": 4, "codename": "view_group"}}, {"model": "auth.permission", "pk": 17, "fields": {"name": "Can add content type", "content_type": 5, "codename": "add_contenttype"}}, {"model": "auth.permission", "pk": 18, "fields": {"name": "Can change content type", "content_type": 5, "codename": "change_contenttype"}}, {"model": "auth.permission", "pk": 19, "fields": {"name": "Can delete content type", "content_type": 5, "codename": "delete_contenttype"}}, {"model": "auth.permission", "pk": 20, "fields": {"name": "Can view content type", "content_type": 5, "codename": "view_contenttype"}}, {"model": "auth.permission", "pk": 21, "fields": {"name": "Can add session", "content_type": 6, "codename": "add_session"}}, {"model": "auth.permission", "pk": 22, "fields": {"name": "Can change session", "content_type": 6, "codename": "change_session"}}, {"model": "auth.permission", "pk": 23, "fields": {"name": "Can delete session", "content_type": 6, "codename": "delete_session"}}, {"model": "auth.permission", "pk": 24, "fields": {"name": "Can view session", "content_type": 6, "codename": "view_session"}}, {"model": "auth.permission", "pk": 25, "fields": {"name": "Can add Token", "content_type": 7, "codename": "add_token"}}, {"model": "auth.permission", "pk": 26, "fields": {"name": "Can change Token", "content_type": 7, "codename": "change_token"}}, {"model": "auth.permission", "pk": 27, "fields": {"name": "Can delete Token", "content_type": 7, "codename": "delete_token"}}, {"model": "auth.permission", "pk": 28, "fields": {"name": "Can view Token", "content_type": 7, "codename": "view_token"}}, {"model": "auth.permission", "pk": 29, "fields": {"name": "Can add token", "content_type": 8, "codename": "add_tokenproxy"}}, {"model": "auth.permission", "pk": 30, "fields": {"name": "Can change token", "content_type": 8, "codename": "change_tokenproxy"}}, {"model": "auth.permission", "pk": 31, "fields": {"name": "Can delete token", "content_type": 8, "codename": "delete_tokenproxy"}}, {"model": "auth.permission", "pk": 32, "fields": {"name": "Can view token", "content_type": 8, "codename": "view_tokenproxy"}}, {"model": "auth.permission", "pk": 33, "fields": {"name": "Can add profile", "content_type": 9, "codename": "add_profile"}}, {"model": "auth.permission", "pk": 34, "fields": {"name": "Can change profile", "content_type": 9, "codename": "change_profile"}}, {"model": "auth.permission", "pk": 35, "fields": {"name": "Can delete profile", "content_type": 9, "codename": "delete_profile"}}, {"model": "auth.permission", "pk": 36, "fields": {"name": "Can view profile", "content_type": 9, "codename": "view_profile"}}, {"model": "auth.permission", "pk": 37, "fields": {"name": "Can add employee", "content_type": 10, "codename": "add_employee"}}, {"model": "auth.permission", "pk": 38, "fields": {"name": "Can change employee", "content_type": 10, "codename": "change_employee"}}, {"model": "auth.permission", "pk": 39, "fields": {"name": "Can delete employee", "content_type": 10, "codename": "delete_employee"}}, {"model": "auth.permission", "pk": 40, "fields": {"name": "Can view employee", "content_type": 10, "codename": "view_employee"}}, {"model": "auth.permission", "pk": 41, "fields": {"name": "Can add manager", "content_type": 11, "codename": "add_manager"}}, {"model": "auth.permission", "pk": 42, "fields": {"name": "Can change manager", "content_type": 11, "codename": "change_manager"}}, {"model": "auth.permission", "pk": 43, "fields": {"name": "Can delete manager", "content_type": 11, "codename": "delete_manager"}}, {"model": "auth.permission", "pk": 44, "fields": {"name": "Can view manager", "content_type": 11, "codename": "view_manager"}}, {"model": "admin.logentry", "pk": 12, "fields": {"action_time": "2020-10-14T17:46:27.496Z", "user": 31, "content_type": 1, "object_id": "33", "object_repr": "amol@gmail.com", "action_flag": 1, "change_message": "[{\"added\": {}}]"}}, {"model": "admin.logentry", "pk": 13, "fields": {"action_time": "2020-10-14T17:46:52.932Z", "user": 31, "content_type": 9, "object_id": "16", "object_repr": " ", "action_flag": 1, "change_message": "[{\"added\": {}}]"}}, {"model": "admin.logentry", "pk": 14, "fields": {"action_time": "2020-10-14T17:50:09.318Z", "user": 31, "content_type": 1, "object_id": "34", "object_repr": "vinay@gmail.com", "action_flag": 1, "change_message": "[{\"added\": {}}]"}}, {"model": "admin.logentry", "pk": 15, "fields": {"action_time": "2020-10-14T17:50:24.454Z", "user": 31, "content_type": 11, "object_id": "17", "object_repr": " ", "action_flag": 1, "change_message": "[{\"added\": {}}]"}}, {"model": "admin.logentry", "pk": 16, "fields": {"action_time": "2020-10-14T17:53:36.416Z", "user": 31, "content_type": 1, "object_id": "35", "object_repr": "corona@gmail.com", "action_flag": 1, "change_message": "[{\"added\": {}}]"}}, {"model": "admin.logentry", "pk": 17, "fields": {"action_time": "2020-10-14T17:53:58.505Z", "user": 31, "content_type": 11, "object_id": "18", "object_repr": " ", "action_flag": 1, "change_message": "[{\"added\": {}}]"}}, {"model": "admin.logentry", "pk": 18, "fields": {"action_time": "2020-10-14T17:54:17.717Z", "user": 31, "content_type": 1, "object_id": "36", "object_repr": "dengu@gmail.com", "action_flag": 1, "change_message": "[{\"added\": {}}]"}}, {"model": "admin.logentry", "pk": 19, "fields": {"action_time": "2020-10-14T17:54:22.395Z", "user": 31, "content_type": 11, "object_id": "19", "object_repr": " ", "action_flag": 1, "change_message": "[{\"added\": {}}]"}}, {"model": "admin.logentry", "pk": 20, "fields": {"action_time": "2020-10-14T18:05:35.102Z", "user": 31, "content_type": 1, "object_id": "37", "object_repr": "jose@gmail.com", "action_flag": 1, "change_message": "[{\"added\": {}}]"}}, {"model": "admin.logentry", "pk": 21, "fields": {"action_time": "2020-10-14T18:06:10.057Z", "user": 31, "content_type": 9, "object_id": "20", "object_repr": " ", "action_flag": 1, "change_message": "[{\"added\": {}}]"}}, {"model": "admin.logentry", "pk": 22, "fields": {"action_time": "2020-10-14T18:07:10.792Z", "user": 31, "content_type": 1, "object_id": "38", "object_repr": "santosh@gmail.com", "action_flag": 1, "change_message": "[{\"added\": {}}]"}}, {"model": "admin.logentry", "pk": 23, "fields": {"action_time": "2020-10-14T18:07:33.282Z", "user": 31, "content_type": 11, "object_id": "21", "object_repr": " ", "action_flag": 1, "change_message": "[{\"added\": {}}]"}}, {"model": "admin.logentry", "pk": 24, "fields": {"action_time": "2020-10-14T18:08:01.095Z", "user": 31, "content_type": 11, "object_id": "21", "object_repr": " ", "action_flag": 2, "change_message": "[]"}}, {"model": "admin.logentry", "pk": 25, "fields": {"action_time": "2020-10-14T19:26:46.932Z", "user": 31, "content_type": 9, "object_id": "20", "object_repr": " ", "action_flag": 2, "change_message": "[{\"changed\": {\"fields\": [\"Role\"]}}]"}}, {"model": "admin.logentry", "pk": 26, "fields": {"action_time": "2020-10-14T19:29:52.403Z", "user": 31, "content_type": 9, "object_id": "20", "object_repr": " ", "action_flag": 2, "change_message": "[{\"changed\": {\"fields\": [\"Role\"]}}]"}}, {"model": "admin.logentry", "pk": 27, "fields": {"action_time": "2020-10-15T19:24:23.155Z", "user": 31, "content_type": 9, "object_id": "16", "object_repr": " ", "action_flag": 2, "change_message": "[{\"changed\": {\"fields\": [\"Role\"]}}]"}}, {"model": "sessions.session", "pk": "4cwmifosekc3hu6ypdlrawg8opxwkcpy", "fields": {"session_data": ".eJxVjM0OwiAQhN-FsyHlxwU9eu8zkF3YStVAUtqT8d2lSQ96nG--mbcIuK05bI2XMCdxFXYQp19IGJ9c9iY9sNyrjLWsy0xyV-TRNjnWxK_b4f4dZGy5rzVrYyiRR8sYfQRl4KIHpUgBslNEk_ZIpMlDh9FYBHBuInOOtifx-QITajhB:1kfRLo:ewcA3UHaGhcKUWHidCBkoxC7kjTM9G3eo3fGqkovblY", "expire_date": "2020-12-02T17:34:36.835Z"}}, {"model": "sessions.session", "pk": "9bd53ne9yfyugsv95xklwfoynxxq2yut", "fields": {"session_data": ".eJxVjDsOgzAQBe_iOrLY9ZeU6TkD2rXXgSQyEoYqyt0jJIqkfTPz3mqkfZvGvck6zlldlQF1-R2Z0lPqQfKD6n3RaanbOrM-FH3Spocly-t2un8HE7XpqHsEtlB6B8BYyEQIFLwFSZ3l5KwQO8nOsMnRY0H00AXfR5QUvDj1-QL7Wjef:1kT8qb:nxiuTonGwxFKr0cUjnHsBxskGE0jpvDXLfYCv1Lttsc", "expire_date": "2020-10-29T19:23:33.349Z"}}, {"model": "sessions.session", "pk": "9btgx70nopv6yns6emuht892m9ijurw7", "fields": {"session_data": ".eJxVjDsOgzAQBe_iOrLY9ZeU6TkD2rXXgSQyEoYqyt0jJIqkfTPz3mqkfZvGvck6zlldlQF1-R2Z0lPqQfKD6n3RaanbOrM-FH3Spocly-t2un8HE7XpqHsEtlB6B8BYyEQIFLwFSZ3l5KwQO8nOsMnRY0H00AXfR5QUvDj1-QL7Wjef:1kSmPZ:lx3Mi-x_WXnDEAp7NeaZa183fR3Hopc3PpG02x4Nnfc", "expire_date": "2020-10-28T19:26:09.578Z"}}, {"model": "sessions.session", "pk": "fozx7ebxrgy3qxmk52jpujtllu2fu2lq", "fields": {"session_data": ".eJxVjM0OwiAQhN-FsyHlxwU9eu8zkF3YStVAUtqT8d2lSQ96nG--mbcIuK05bI2XMCdxFXYQp19IGJ9c9iY9sNyrjLWsy0xyV-TRNjnWxK_b4f4dZGy5rzVrYyiRR8sYfQRl4KIHpUgBslNEk_ZIpMlDh9FYBHBuInOOtifx-QITajhB:1kTJZ9:Cnpf719DlbeJi_oXBuBeF5XwHpBP7n7gB6kuUm0erbQ", "expire_date": "2020-10-30T06:50:15.183Z"}}, {"model": "sessions.session", "pk": "xfc2v734zmxixl3ors53gdhqeo6mp28u", "fields": {"session_data": ".eJxVjM0OwiAQhN-FsyHlxwU9eu8zkF3YStVAUtqT8d2lSQ96nG--mbcIuK05bI2XMCdxFXYQp19IGJ9c9iY9sNyrjLWsy0xyV-TRNjnWxK_b4f4dZGy5rzVrYyiRR8sYfQRl4KIHpUgBslNEk_ZIpMlDh9FYBHBuInOOtifx-QITajhB:1klEHN:mNnBnjhFoY68ZfNHEktPNznz6vPQChJY-0pqmSilJUY", "expire_date": "2020-12-18T16:49:57.803Z"}}, {"model": "contenttypes.contenttype", "pk": 1, "fields": {"app_label": "accounts", "model": "user"}}, {"model": "contenttypes.contenttype", "pk": 2, "fields": {"app_label": "admin", "model": "logentry"}}, {"model": "contenttypes.contenttype", "pk": 3, "fields": {"app_label": "auth", "model": "permission"}}, {"model": "contenttypes.contenttype", "pk": 4, "fields": {"app_label": "auth", "model": "group"}}, {"model": "contenttypes.contenttype", "pk": 5, "fields": {"app_label": "contenttypes", "model": "contenttype"}}, {"model": "contenttypes.contenttype", "pk": 6, "fields": {"app_label": "sessions", "model": "session"}}, {"model": "contenttypes.contenttype", "pk": 7, "fields": {"app_label": "authtoken", "model": "token"}}, {"model": "contenttypes.contenttype", "pk": 8, "fields": {"app_label": "authtoken", "model": "tokenproxy"}}, {"model": "contenttypes.contenttype", "pk": 9, "fields": {"app_label": "core", "model": "profile"}}, {"model": "contenttypes.contenttype", "pk": 10, "fields": {"app_label": "core", "model": "employee"}}, {"model": "contenttypes.contenttype", "pk": 11, "fields": {"app_label": "core", "model": "manager"}}, {"model": "authtoken.token", "pk": "036ea84be0a6005dfaf80ff8e04f709855cd18c4", "fields": {"user": 74, "created": "2020-11-21T16:06:50.551Z"}}, {"model": "authtoken.token", "pk": "03da559010d8c73a0fd28ced18f193c3ff6700cc", "fields": {"user": 64, "created": "2020-11-21T12:49:52.043Z"}}, {"model": "authtoken.token", "pk": "12fe1c2f8a3f55a8dffacd81770b937fde977ace", "fields": {"user": 66, "created": "2020-11-21T13:08:45.806Z"}}, {"model": "authtoken.token", "pk": "1a362707b707dcd319fcad2fc39be83251691707", "fields": {"user": 72, "created": "2020-11-21T15:47:41.487Z"}}, {"model": "authtoken.token", "pk": "1ec12b443180df38736e345a516b80fb2a9804ab", "fields": {"user": 48, "created": "2020-11-20T06:29:49.365Z"}}, {"model": "authtoken.token", "pk": "222ab71d16c4acde56aebf7becf872b6181e7164", "fields": {"user": 62, "created": "2020-11-21T12:42:42.137Z"}}, {"model": "authtoken.token", "pk": "2c72758666e939e0a1f3e0587cba68f8824140a7", "fields": {"user": 73, "created": "2020-11-21T15:50:31.025Z"}}, {"model": "authtoken.token", "pk": "2ee455c3a9c39e8fafef012fd87387ebfa0bafc0", "fields": {"user": 75, "created": "2020-11-21T16:10:47.643Z"}}, {"model": "authtoken.token", "pk": "2f90052af9f3cb546359a2399074e150b87037cc", "fields": {"user": 32, "created": "2020-10-14T17:39:13.403Z"}}, {"model": "authtoken.token", "pk": "3570ffca7a499e026ac1fb2bcec49f9fca99d189", "fields": {"user": 47, "created": "2020-11-20T06:19:44.138Z"}}, {"model": "authtoken.token", "pk": "365eed5246e4d7bb995bb1c0f0f9b1870b7797b2", "fields": {"user": 52, "created": "2020-11-20T14:47:47.477Z"}}, {"model": "authtoken.token", "pk": "36f2d01859611eb27b1d6c18bf5fb20221459a6a", "fields": {"user": 53, "created": "2020-11-21T11:27:21.494Z"}}, {"model": "authtoken.token", "pk": "37d8d87935404f3f81a58861c08621b31e844289", "fields": {"user": 34, "created": "2020-10-14T17:50:09.317Z"}}, {"model": "authtoken.token", "pk": "3cd62feddd9f3bb83f861babb2e17196ea8811e2", "fields": {"user": 41, "created": "2020-10-16T11:16:32.768Z"}}, {"model": "authtoken.token", "pk": "415423b96ba2f85cd21d753d4845aaa29662681f", "fields": {"user": 50, "created": "2020-11-20T06:44:06.938Z"}}, {"model": "authtoken.token", "pk": "445d355bece4364e29903821ce26e1af45df4ec9", "fields": {"user": 80, "created": "2020-12-13T07:04:53.567Z"}}, {"model": "authtoken.token", "pk": "44feeb1e5aea4ac717857f7a97fca2e6c04905bc", "fields": {"user": 79, "created": "2020-12-12T17:02:14.585Z"}}, {"model": "authtoken.token", "pk": "472d6290d972ebb82b42b345c214dc5b81e34272", "fields": {"user": 42, "created": "2020-10-16T13:39:16.175Z"}}, {"model": "authtoken.token", "pk": "60960acad774f54e95892f0e9734141b1888bc25", "fields": {"user": 58, "created": "2020-11-21T12:19:54.470Z"}}, {"model": "authtoken.token", "pk": "7a541f78a95b7675b09615cbc923f6f21b8d57d5", "fields": {"user": 44, "created": "2020-10-25T07:14:15.391Z"}}, {"model": "authtoken.token", "pk": "7b0039bbb1cded217b04f10c1688aa4a57289540", "fields": {"user": 35, "created": "2020-10-14T17:53:36.414Z"}}, {"model": "authtoken.token", "pk": "7c2d78e2a0b711fe49522611cc9fff6922379cc0", "fields": {"user": 43, "created": "2020-10-25T07:06:25.042Z"}}, {"model": "authtoken.token", "pk": "7fb6d479642e70ed5dc23079cd65a601c235d8a5", "fields": {"user": 71, "created": "2020-11-21T15:24:13.325Z"}}, {"model": "authtoken.token", "pk": "84f5d20284bbac11525d509d1215ee5d85cb7414", "fields": {"user": 46, "created": "2020-11-19T15:06:45.942Z"}}, {"model": "authtoken.token", "pk": "8769bafc130741e60d9755c4861c76d6aedd84b4", "fields": {"user": 38, "created": "2020-10-14T18:07:10.790Z"}}, {"model": "authtoken.token", "pk": "877f38c24b1da59cb0c3a026fb29f110be57cf3f", "fields": {"user": 83, "created": "2020-12-13T10:53:54.256Z"}}, {"model": "authtoken.token", "pk": "8985ca0589df6e8a1a62a9323da4b166a30735fb", "fields": {"user": 85, "created": "2020-12-13T11:11:12.867Z"}}, {"model": "authtoken.token", "pk": "92a53a7662f76334550c7c456d7e00f065a7ccc9", "fields": {"user": 68, "created": "2020-11-21T14:21:27.040Z"}}, {"model": "authtoken.token", "pk": "9323f16818ff42bd522923e9843dd0ad4bc1e783", "fields": {"user": 69, "created": "2020-11-21T14:25:50.675Z"}}, {"model": "authtoken.token", "pk": "96f8448306504b62c47b87bf90f80db0a468b061", "fields": {"user": 45, "created": "2020-11-18T18:01:53.006Z"}}, {"model": "authtoken.token", "pk": "a5214932b6f0ee9973946ad366d56356e5759c40", "fields": {"user": 49, "created": "2020-11-20T06:32:28.711Z"}}, {"model": "authtoken.token", "pk": "ace91a8c32187d35315c2804460c1fe72c3093a9", "fields": {"user": 70, "created": "2020-11-21T15:20:55.954Z"}}, {"model": "authtoken.token", "pk": "ad37a9c93214bf73bc61da84326b5cabcb82b4e3", "fields": {"user": 33, "created": "2020-10-14T17:46:27.494Z"}}, {"model": "authtoken.token", "pk": "b06dc3964ba28735205cd6eed7f6d6442fb04585", "fields": {"user": 37, "created": "2020-10-14T18:05:35.101Z"}}, {"model": "authtoken.token", "pk": "b0e4f5fe1bb7632bb33abbd3362dcfd0331d7b44", "fields": {"user": 76, "created": "2020-11-21T16:45:50.694Z"}}, {"model": "authtoken.token", "pk": "b1dc368ba78fa9c7f96c18e43383b5167e32fab5", "fields": {"user": 51, "created": "2020-11-20T14:10:38.104Z"}}, {"model": "authtoken.token", "pk": "b485c6e8f81d49fc1b7f5b4f8e819279387acdce", "fields": {"user": 84, "created": "2020-12-13T10:59:50.452Z"}}, {"model": "authtoken.token", "pk": "be34ac09196842fd0b909d13350e86befcdda121", "fields": {"user": 81, "created": "2020-12-13T10:13:55.887Z"}}, {"model": "authtoken.token", "pk": "bed4c9555f52360cb59f77d3ea0b3c535edac864", "fields": {"user": 36, "created": "2020-10-14T17:54:17.715Z"}}, {"model": "authtoken.token", "pk": "bf9be66d4215d7c73c83dfa766475a78eaea4cd5", "fields": {"user": 54, "created": "2020-11-21T11:30:41.950Z"}}, {"model": "authtoken.token", "pk": "c4d2e43559c455e2312f160f20be6a2b7ca67a89", "fields": {"user": 31, "created": "2020-10-14T17:18:56.722Z"}}, {"model": "authtoken.token", "pk": "cedd1ad3b3fc188a759acdd25d231b71c4ae8089", "fields": {"user": 67, "created": "2020-11-21T13:25:39.256Z"}}, {"model": "authtoken.token", "pk": "d06288990114316cf75cebd0d574699ebb596993", "fields": {"user": 77, "created": "2020-11-21T16:47:55.434Z"}}, {"model": "authtoken.token", "pk": "debe68149db0897b1639cc223a9ac34e06e335e0", "fields": {"user": 60, "created": "2020-11-21T12:38:39.081Z"}}, {"model": "authtoken.token", "pk": "e018c2e1b0a2fd9354095b10c6382734d7b13e52", "fields": {"user": 39, "created": "2020-10-15T07:00:10.578Z"}}, {"model": "authtoken.token", "pk": "e3e276425e8e149ea98730b66ae5abe9337ab853", "fields": {"user": 40, "created": "2020-10-16T06:34:34.049Z"}}, {"model": "authtoken.token", "pk": "e8fae81d39e28435798cb6171f331a45aee8af9e", "fields": {"user": 65, "created": "2020-11-21T13:03:43.615Z"}}, {"model": "authtoken.token", "pk": "e994d69c38055ffd87f16e16d39bca432d26eef7", "fields": {"user": 82, "created": "2020-12-13T10:16:53.285Z"}}, {"model": "authtoken.token", "pk": "eb6a85e218f9252404b990a3e426c19d30884312", "fields": {"user": 55, "created": "2020-11-21T11:49:44.775Z"}}, {"model": "authtoken.token", "pk": "ff6804c2a5a5bba09de2d7d8981da9cccef91a20", "fields": {"user": 78, "created": "2020-12-12T16:47:19.796Z"}}]